rs9272346,HLA-DQA1,,Adaptive immune response,Type I interferon receptor binding,Endoplasmic reticulum membrane,,,
rs78824139,EYS,,Skeletal muscle tissue regeneration,Calcium ion binding,Cytoplasm,,,
rs114631266,OR2W1,OR2P1P,,G protein-coupled receptor activity,Plasma membrane,,,
rs2471863,HLA-U,HLA-K,,,,,,
rs34941730,HLA-A,HLA-W,Antigen processing and presentation of endogenous peptide antigen via MHC class I,Signal receptor binding,Extracellular exosome,,,
rs45626136,RPP21,TRIM39-RPP21,Response to xenobiotic stimulus,Metal ion binding,Multimeric ribonuclease P complex,ncRNA processing,Zinc ion binding,Cytosol
rs116020851,SFTA2,HCG21,,,Transport vesicle,,,
rs1265057,RNU6-1133P,C6ORF15,Spliceosomal tri-snRNP complex assembly,U4 snRNA binding,U6 snRNP,Extracellular matrix organization,,Extracellular matrix
rs116763857,POU5F1,,Anatomical structure morphogenesis,DNA bindingÂ ,Cytoplasm,,,
rs9264758,RPL3P2,,,,,,,
rs9501130,HCP5,LINC01149,,,,,,
rs3093664,TNF,,Negative regulation of transcription by RNA polymerase II,Transcription cis-regulatory region binding,Phagocytic cup,,,
rs3134938,NOTCH4,TSBP1-AS1,Cell differentiation,Calcium ion binding,Cell surface,,,
rs926592,TSBP1,TSBP1-AS2,,,Membrane,,,
rs3135365,HLA-DRA,TSBP1-AS1,Adaptive immune response,Protein binding,Immunological synapse,,,
rs9268576,HLA-DRA,TSBP1-AS1,Adaptive immune response,Protein binding,Immunological synapse,,,
rs7760731,HLA-DRB1,HLA-DQA1,Adaptive immune response,Protein binding,Immunological synapse,Adaptive immune response,Protein binding,Lysosome
rs9275358,HLA-DQB1,MTCO3P1,Adaptive immune response,,MHC class II protein complex,,,
rs35122968,HLA-DQB3,MTCO3P1,Immune response,,MHC class II protein complex,,,
rs3997848,HLA-DQB3,MTCO3P1,Immune response,,MHC class II protein complex,,,
rs241427,TAP2,,Adaptive immune response,Protein binding,Endoplasmic reticulum,,,
rs4148870,TAP2,,Adaptive immune response,Protein binding,Endoplasmic reticulum,,,
rs3128930,HLA-DPB2,COL11A2P1,,,,,,
rs11755527,BACH2,,Primary adaptive immune response involving T cells and B cells,"DNA-binding transcription repressor activity, RNA polymerase II-specific",RNA polymerase II transcription regulator complex,,,
rs9268645,HLA-DRA,,Adaptive immune response,Protein binding,Immunological synapse,,,
rs9388489,CENPW,,Cell division,DNA binding,Nuclear matrix,,,
rs924043,,,,,,,,
rs2647044,HLA-DQB1,MTCO3P1,Adaptive immune response,,MHC class II protein complex,,,
rs1050979,IRF4,,Immune system process,DNA binding,Membrane,,,
rs72928038,BACH2,,Primary adaptive immune response involving T cells and B cells,"DNA-binding transcription repressor activity, RNA polymerase II-specific",RNA polymerase II transcription regulator complex,,,
rs1538171,CENPW,MIR588,Cell division,DNA binding,Nuclear matrix,,,
rs3757247,BACH2,,Primary adaptive immune response involving T cells and B cells,"DNA-binding transcription repressor activity, RNA polymerase II-specific",RNA polymerase II transcription regulator complex,,,
rs9273363,HLA-DQA1,HLA-DQB1,Adaptive immune response,Type I interferon receptor binding,Endoplasmic reticulum membrane,Adaptive immune response,,MHC class II protein complex
rs1578060,CENPW,MIR588,Cell division,DNA binding,Nuclear matrix,,,
rs9405661,IRF4,EXOC2,Immune system process,DNA binding,Membrane,Mitotic cytokinesis,Protein binding,Plasma membrane
rs212408,TAGAP-AS1,,,,,,,
rs12665429,LINC02539,,,,,,,
rs2523989,TRIM31,TRIM31-AS1,Innate immune response,Transcription coactivator activity,Cytosol,,,
rs886424,LINC00243,,,,,,,
rs2251396,MICA,HLA-S,Cellular response to DNA damage stimulus,Natural killer cell lectin-like receptor binding,Cell surface,,,
rs2857595,NCR3,UQCRHP1,Immune response,Identical protein binding,Plasma membrane,,,
rs1270942,CFB,,Innate immune response,Protein binding,Extracellular space,,,
rs1980493,BTNL2,TSBP1-AS1,T cell receptor signaling pathway,Signaling receptor binding,External side of plasma membrane,,,
rs1015166,TAP2,,Adaptive immune response,Protein binding,Endoplasmic reticulum,,,
rs73043122,RNASET2,MIR3939,RNA metabolic process,RNA binding,Mitochondrion,,,
rs12203596,STMND1,,Microtubule depolymerization,Tubulin binding,Cytoplasm,,,
rs9356171,RN7SL366P,,,,,,,
rs9268853,HLA-DRB9,,Immune response,,MHC class II protein complex,,,
